,energy_source,generation_mwh
0,Wind,1271700
1,Biomass,972000
2,Solar,54900.00000000001
3,Hydro,6399.999999999999
